{
    "haeKaikki":["select  asiakasnumero,etunimi,sukunimi,lempikarkki,osoite from asiakas"],
    "hae":[
        "select  asiakasnumero,etunimi,sukunimi,lempikarkki,osoite from asiakas",
        "where  asiakasnumero=?"],
    "lisaa":[
        "insert into asiakas ( asiakasnumero,etunimi,sukunimi,lempikarkki,osoite)",
        "values(?,?,?,?,?)"
    ],
    "paivita":[
        "update asiakas set etunimi=?,sukunimi=?, lempikarkki=?, osoite=?",
        "where  asiakasnumero=?"
    ],
    "poista":["delete from asiakas where  asiakasnumero=?"],
    "perusavain":"asiakasnumero"
}