[
    {
        "asiakasnumero": 1,
        "etunimi": "Matti",
        "sukunimi": "Nieminen",
        "tyyppi": "superbonus",
        "lempikarkki": "pastilli"
    },
    {
        "asiakasnumero": 7,
        "etunimi": "Tuuli",
        "sukunimi": "Rantala",
        "tyyppi": "kierrettävä kaukaa",
        "lempikarkki": "salmiakki"
    },
    {
        "asiakasnumero": 3,
        "etunimi": "Pirkko",
        "sukunimi": "Aakkonen",
        "tyyppi": "edustava asiakas",
        "lempikarkki": "toffee"
    },
    {
        "asiakasnumero": 4,
        "etunimi": "Meri",
        "sukunimi": "Virtanen",
        "tyyppi": "VIP",
        "lempikarkki": "lakritsi"
    },
    {
        "asiakasnumero": 5,
        "etunimi": "Aapeli",
        "sukunimi": "Puro",
        "tyyppi": "kultakimpale",
        "lempikarkki": "hedelmäkarkki"
    },
    {
        "asiakasnumero": 2,
        "etunimi": "Leila",
        "sukunimi": "Jokinen",
        "tyyppi": "tavallinen tallaaja",
        "lempikarkki": "suklaa"
    },
    {
        "asiakasnumero": 6,
        "etunimi": "Rauha",
        "sukunimi": "Hökki",
        "tyyppi": "välteltävä",
        "lempikarkki": "riisisuklaa"
    }
]